{
  "ticker": "SPY",
  "features": {
    "Open": 667.4472371497842,
    "High": 670.5088831921612,
    "Low": 659.5587462493693,
    "Close": 660.4862060546875,
    "Volume": 97200200.0,
    "log_return": -0.0056761886225518,
    "simple_return": -0.0056601095010063,
    "return_5d": -0.0151201018290416,
    "return_10d": -0.0351595029026717,
    "return_20d": -0.0282552329538578,
    "volatility_5d": 0.1376752545103346,
    "volatility_20d": 0.1157393624687721,
    "volatility_60d": 0.1164069296623232,
    "gk_volatility_20d": 0.1314666848705338,
    "rsi_14": 34.24272258302243,
    "macd": -4.802137784158617,
    "macd_signal": -2.655841273981885,
    "macd_histogram": -2.1462965101767324,
    "bollinger_pct_b": -0.1196964636125147,
    "bollinger_bandwidth": 0.0453299976031443,
    "atr_14": 10.105268369867265,
    "atr_14_pct": 0.0152997417315185,
    "volume_ratio": 1.128112981907519,
    "obv": 746517400.0,
    "obv_roc_5d": -0.2533923351333176,
    "spy_return": -0.0056761886225518,
    "beta_60d": 1.0,
    "relative_strength_5d": 0.0
  }
}
